Name_1,Mod,Nc,Q,C,Fn,f1,mag1_1,f2,mu02,f3,mag3,f4,mu04,f5,mag5,mag1_2,mag2,mstar,dmean,type,t_1,incl,Dist,__T_,__F_
ESO012-010,_dbar,2,5,BAR,ferrer2,,,,,,,0.056,22.177,,,13.88,14.343,9.632,32.75,SBd,7.7,26.82,,7.0,0.75
ESO013-016,_dbarf,2,5,BAR,ferrer2,,,,,,,0.037,20.882,,,13.127,13.506,9.564,23.017,SBd,7.5,56.71,23.0,6.0,1.0
ESO026-001,_ndbar,3,5,BAR,ferrer2,,,,,,,0.059,20.202,,,13.387,13.864,9.373,19.16,SBc,5.9,30.39,19.2,5.5,0.62
ESO027-001,_bdbar,3,5,BAR,ferrer2,,,,,,,0.075,20.555,,,11.515,11.879,9.999,18.308,SBc,5.0,36.3,18.3,3.5,0.75
ESO048-017,_ndbar,3,5,BAR,ferrer2,,,,,,,0.138,21.755,,,14.726,15.188,9.202,29.52,SBcd,6.9,62.52,29.5,9.0,1.0
ESO079-007,_dbar,2,5,BAR,ferrer2,,,,,,,0.035,21.733,,,13.57,13.956,9.471,25.22,SBbc,4.0,39.25,25.2,8.0,1.0
ESO238-018,_dbar,2,5,BAR,ferrer2,,,,,,,0.042,21.242,,,14.527,14.992,9.517,,Sc,5.5,32.37,39.4,8.0,0.75
ESO287-037,_dbar,2,5,BAR,ferrer2,,,,,,,0.067,22.205,,,13.594,13.938,9.693,,SBm,8.5,32.77,34.6,8.0,0.62
ESO305-009,_dbar,2,5,BAR,ferrer2,,,,,,,0.085,22.926,,,13.818,14.17,8.784,13.2,SBd,8.0,52.95,13.2,8.0,0.38
ESO340-017,_dbar,2,5,BAR,ferrer2,,,,,,,0.219,19.955,,,13.626,14.074,9.782,,SBd,8.0,64.13,35.0,7.0,1.0
ESO341-032,_dbar,2,5,BAR,ferrer2,,,,,,,0.024,21.862,,,13.692,14.094,9.763,,SBm,9.0,26.27,36.8,8.5,0.5
ESO345-046,_dbar,2,5,BAR,ferrer2,,,,,,,0.054,22.523,,,13.478,13.921,9.6,26.7,Scd,7.0,34.5,26.7,7.0,0.25
ESO357-012,_dbar,2,5,BAR,ferrer2,,,,,,,0.058,23.256,,,13.881,14.321,9.291,22.591,Scd,7.0,41.9,22.6,7.5,0.62
ESO404-012,_dbarn,3,5,BAR,ferrer2,,,,,,,0.1,20.134,,,12.049,12.495,10.443,36.44,Sc,5.1,38.85,36.4,3.0,0.5
ESO408-012,_dbarn,3,5,BAR,ferrer2,,,,,,,0.069,22.907,,,15.085,15.683,9.724,56.6,SABc,6.8,60.67,56.6,8.5,0.5
ESO418-009,_dbarf,2,5,BAR,ferrer2,,,,,,,0.011,21.931,,,13.732,14.145,9.134,18.0,IB,9.8,36.74,,6.5,0.88
ESO420-009,_dbarf,2,5,BAR,ferrer2,,,,,,,0.007,21.077,,,13.39,13.832,9.201,,SBc,5.0,41.68,18.3,5.5,0.38
ESO422-041,_dbar,2,5,BAR,ferrer2,,,,,,,0.054,21.687,,,13.304,13.757,8.891,10.8,SABd,8.5,27.09,,7.0,0.12
ESO438-017,_dbarf,2,5,BAR,ferrer2,,,,,,,0.011,23.226,,,13.747,14.234,9.067,,Sc,4.9,58.64,16.6,7.0,0.62
ESO440-011,_dbarf,2,5,BAR,ferrer2,,,,,,,0.023,20.968,,,12.43,12.85,10.031,27.6,Scd,6.9,52.89,27.6,6.0,1.0
ESO443-069,_dbar,2,5,BAR,ferrer2,,,,,,,0.061,20.075,,,12.699,13.089,10.102,34.8,SBc,6.0,43.51,34.8,,
ESO445-089,_dbarn,3,5,BAR,ferrer2,,,,,,,0.067,20.782,,,12.839,13.242,10.093,36.3,SBcd,6.7,34.59,36.3,7.0,1.0
ESO482-035,_dbarf,2,5,BAR,ferrer2,,,,,,,0.065,20.638,,,13.009,13.457,9.811,27.34,Sab,2.2,52.19,27.3,4.5,1.0
ESO485-021,_dnbar,3,5,BAR,ferrer2,,,,,,,0.065,22.659,,,13.596,14.093,9.148,16.0,Sd,8.2,53.44,16.0,5.5,0.62
ESO505-013,_dbarn,3,5,BAR,ferrer2,,,,,,,0.073,22.504,,,13.29,13.691,9.611,25.7,Sd,8.5,36.24,25.7,,
ESO506-029,_dbar,2,5,BAR,ferrer2,,,,,,,0.035,22.154,,,14.35,15.245,9.95,,Sc,6.0,51.75,39.9,,
ESO508-024,_dbar,2,5,BAR,ferrer2,,,,,,,0.049,19.418,,,12.825,13.243,10.194,40.0,SBc,5.0,35.11,,5.0,0.5
ESO510-058,_dbar,2,5,BAR,ferrer2,,,,,,,0.044,18.997,,,12.918,13.327,9.952,,SBc,5.9,50.84,30.9,9.0,0.38
ESO510-059,_dbar,2,5,BAR,ferrer2,,,,,,,0.102,20.312,,,13.393,13.853,9.845,33.6,SBc,5.9,48.52,33.6,5.0,1.0
ESO532-022,_dbarf,2,5,BAR,ferrer2,,,,,,,0.041,22.033,,,14.482,14.885,9.281,30.38,Sc,5.5,61.64,30.4,7.0,0.75
ESO576-017,_dbarn,3,5,BAR,ferrer2,,,,,,,0.014,23.222,,,14.248,14.64,9.573,,SABc,7.0,27.69,37.0,5.0,0.0
ESO576-032,_dbarn,3,5,BAR,ferrer2,,,,,,,0.024,20.091,,,12.201,12.582,10.139,29.1,Sc,5.8,46.59,29.1,5.0,1.0
ESO580-022,_dbar,2,5,BAR,ferrer2,,,,,,,0.04,22.145,,,13.417,13.85,9.744,,SABd,7.7,52.69,29.6,8.0,1.0
ESO602-030,_dbarf,2,5,BAR,ferrer2,,,,,,,0.013,19.1,,,14.124,14.538,9.463,,SABc,6.8,41.47,30.9,7.0,1.0
IC0529,_dbarn,3,5,BAR,ferrer2,,,,,,,0.045,20.387,,,12.088,12.535,10.36,33.665,Sc,5.2,63.77,,5.5,0.25
IC0749,_dbarfn,3,5,BAR,ferrer2,,,,,,,0.011,21.024,,,12.176,12.621,10.344,34.48,Sc,5.9,37.69,34.5,6.0,1.0
IC0758,_dbar,2,5,BAR,ferrer2,,,,,,,0.07,21.541,,,13.637,14.101,9.551,26.7,Sc,6.0,64.7,26.7,8.0,1.0
IC0769,_dbarn,3,5,BAR,ferrer2,,,,,,,0.035,20.104,,,13.009,13.482,10.216,42.611,Sbc,4.0,48.32,42.6,3.5,0.5
IC0797,_dbarfn,3,5,BAR,ferrer2,,,,,,,0.019,21.59,,,13.063,13.475,9.41,18.2,Sc,6.0,47.98,18.2,8.0,0.5
IC0800,_dbarf,2,5,BAR,ferrer2,,,,,,,0.039,20.884,,,13.169,13.588,10.525,68.6,Sc,5.2,44.15,68.6,9.0,1.0
IC0863,_dbarn,3,5,BAR,ferrer2,,,,,,,0.209,18.684,,,12.697,13.099,10.114,,S0-a,0.4,50.47,33.6,3.0,1.0
IC1067,_bdbarfn,4,5,BAR,ferrer2,,,,,,,0.106,19.766,,,12.46,12.936,9.913,,Sb,3.0,37.11,21.0,2.5,1.0
IC1438,_bdbar,3,5,BAR,ferrer2,,,,,,,0.191,20.376,,,11.842,12.323,10.487,33.8,Sa,1.2,23.81,33.8,0.0,0.5
IC1870,_dbar,2,5,BAR,ferrer2,,,,,,,0.093,21.856,,,12.985,13.379,9.408,17.8,Sm,9.0,63.27,,8.5,1.0
IC1914,_dbarn,3,5,BAR,ferrer2,,,,,,,0.064,22.032,,,13.201,13.606,9.347,18.137,SABc,6.9,42.85,18.1,5.5,0.12
IC1933,_dbar,2,5,BAR,ferrer2,,,,,,,0.033,20.355,,,12.802,13.197,9.588,20.091,Sc,6.2,59.43,20.1,9.5,1.0
IC1953,_bdbarf,3,5,BAR,ferrer2,,,,,,,0.032,20.291,,,11.84,12.235,10.149,24.64,Sc,6.2,59.84,,5.0,1.0
IC1954,_dbar,2,5,BAR,ferrer2,,,,,,,0.03,18.427,,,11.277,11.671,9.959,15.287,Sb,3.2,57.83,15.3,6.0,1.0
IC2035,_dbarn,3,5,BAR,ferrer2,,,,,,,0.157,17.071,,,11.564,12.045,9.975,16.5,E-S0,-2.6,40.64,16.5,-2.5,0.5
IC2051,_bdbarf,3,5,BAR,ferrer2,,,,,,,0.028,19.931,,,10.755,11.18,10.578,23.89,SBbc,4.1,55.19,,3.0,0.88
IC3021,_dbarfn,3,5,BAR,ferrer2,,,,,,,0.011,22.361,,,15.206,15.64,9.182,,Sm,9.0,58.92,32.0,11.0,1.0
IC3115,_dbar,2,5,BAR,ferrer2,,,,,,,0.028,21.859,,,13.613,14.089,9.29,19.333,Sc,5.5,46.42,23.0,6.0,1.0
IC3476,_dbar,2,5,BAR,ferrer2,,,,,,,0.138,21.204,,,12.929,13.332,9.194,13.45,IB,9.6,51.2,17.0,9.0,0.38
IC3517,_dbarf,2,5,BAR,ferrer2,,,,,,,0.014,23.407,,,15.098,15.507,8.808,23.267,SABm,8.5,59.47,17.0,8.5,0.75
IC3521,_dbar,2,5,BAR,ferrer2,,,,,,,0.247,20.265,,,13.03,13.476,9.373,16.7,IB,9.9,48.01,17.0,10.0,1.0
IC4214,_bdbar,3,5,BAR,ferrer2,,,,,,,0.247,19.684,,,10.745,11.183,10.708,27.3,SBa,1.4,55.61,27.3,0.0,0.12
IC4237,_bdbarf,3,5,BAR,ferrer2,,,,,,,0.019,19.397,,,11.977,12.395,10.533,40.073,SBb,3.5,51.7,40.1,3.0,1.0
IC4536,_dbarn,3,5,BAR,ferrer2,,,,,,,0.032,21.335,,,12.931,13.334,9.984,33.4,SBcd,7.4,54.24,,7.0,1.0
IC5007,_dbarf,2,5,BAR,ferrer2,,,,,,,0.049,19.442,,,12.445,12.884,10.221,34.043,Scd,6.7,52.23,34.0,8.0,1.0
IC5240,_bdbarf,3,5,BAR,ferrer2,,,,,,,0.027,21.38,,,11.314,11.803,10.455,25.36,SBa,1.1,49.59,25.4,0.0,1.0
IC5270,_dbar,2,5,BAR,ferrer2,,,,,,,0.04,18.457,,,11.875,12.26,10.055,22.647,SBc,5.7,58.21,22.7,7.0,1.0
IC5273,_dbar,2,5,BAR,ferrer2,,,,,,,0.036,17.194,,,11.326,11.747,10.029,16.557,SBc,5.7,50.95,16.6,5.5,1.0
NGC0210,_bdbar,3,5,BAR,ferrer2,,,,,,,0.214,20.326,,,10.792,11.198,10.437,20.983,SABb,3.1,55.36,21.0,2.0,0.5
NGC0254,_bdbar,3,5,BAR,ferrer2,,,,,,,0.163,20.592,,,11.387,11.85,10.064,17.1,S0-a,-1.2,57.37,17.1,-1.0,0.38
NGC0255,_ndbar,3,5,BAR,ferrer2,,,,,,,0.04,19.368,,,12.252,12.641,9.798,20.0,Sbc,4.1,26.16,20.0,6.5,1.0
NGC0289,_ndbar,3,5,BAR,ferrer2,,,,,,,0.064,18.189,,,10.522,10.948,10.631,22.767,SBbc,4.0,42.95,22.8,1.5,0.62
NGC0337,_dbar,2,5,BAR,ferrer2,,,,,,,0.108,20.185,,,11.465,11.867,10.211,22.129,SBcd,6.7,50.64,22.1,6.0,0.5
NGC0337A,_dbar,2,5,BAR,ferrer2,,,,,,,0.074,22.293,,,12.882,13.302,9.241,13.7,SABd,8.0,56.12,13.7,9.0,0.5
NGC0428,_dbarn,3,5,BAR,ferrer2,,,,,,,0.073,21.798,,,11.808,12.268,9.759,14.66,SABm,8.6,47.89,14.7,8.0,0.38
NGC0450,_dbar,2,5,BAR,ferrer2,,,,,,,0.053,20.126,,,12.512,12.904,9.699,20.05,SABc,5.8,49.76,20.1,6.5,0.5
NGC0578,_dbarn,3,5,BAR,ferrer2,,,,,,,0.04,19.854,,,11.181,11.592,10.321,21.841,Sc,5.0,54.32,21.8,6.0,0.88
NGC0600,_dbar,2,5,BAR,ferrer2,,,,,,,0.072,20.223,,,12.609,13.024,9.793,22.9,Scd,7.0,13.27,22.9,6.5,1.0
NGC0613,_bdbarf,3,5,BAR,ferrer2,,,,,,,0.124,19.632,,,9.517,9.9,11.087,25.125,Sbc,4.0,35.71,25.1,3.0,1.0
NGC0685,_dbar,2,5,BAR,ferrer2,,,,,,,0.039,20.41,,,11.555,11.962,9.853,15.2,Sc,5.4,41.3,,6.5,1.0
NGC0701,_dbar,2,5,BAR,ferrer2,,,,,,,0.109,17.752,,,11.573,11.928,10.156,22.711,SBc,5.0,62.44,,7.0,1.0
NGC0718,_bdbar,3,5,BAR,ferrer2,,,,,,,0.121,20.215,,,11.326,11.789,10.283,21.4,Sa,1.0,28.2,21.4,1.0,0.5
NGC0864,_bdbarf,3,5,BAR,ferrer2,,,,,,,0.042,20.599,,,11.159,11.553,10.184,18.767,SABc,5.1,47.58,18.8,4.0,0.62
NGC0936,_bdbar,3,5,BAR,ferrer2,,,,,,,0.108,19.832,,,9.679,10.161,10.926,20.683,S0-a,-1.2,50.51,20.7,-1.0,1.0
NGC0941,_dbarn,3,5,BAR,ferrer2,,,,,,,0.107,21.497,,,12.691,13.091,9.903,27.34,SABc,5.3,45.69,27.3,5.0,0.12
NGC0986,_bdbarf,3,5,BAR,ferrer2,,,,,,,0.177,19.475,,,10.3,10.683,10.441,17.15,Sab,2.4,38.04,17.2,2.0,1.0
NGC0991,_ndbar,3,5,BAR,ferrer2,,,,,,,0.025,21.743,,,12.399,12.78,9.68,18.8,SABc,5.0,28.13,18.8,5.5,0.5
NGC1015,_bdbar,3,5,BAR,ferrer2,,,,,,,0.118,20.109,,,11.977,12.428,10.392,33.1,Sa,1.0,34.25,,0.0,1.0
NGC1022,_bdbar,3,5,BAR,ferrer2,,,,,,,0.075,20.277,,,10.987,11.306,10.186,18.5,SBa,1.1,59.89,18.5,-0.5,0.5
NGC1036,_dbar,2,5,BAR,ferrer2,,,,,,,0.179,19.167,,,13.048,13.46,8.994,11.2,S0-a,0.0,50.47,,10.0,1.0
NGC1051,_ndbar,3,5,BAR,ferrer2,,,,,,,0.027,22.253,,,13.075,13.463,9.269,15.9,SBm,8.8,64.52,15.9,7.0,0.5
NGC1073,_dbar,2,5,BAR,ferrer2,,,,,,,0.058,20.233,,,11.287,11.709,9.972,15.2,SBc,5.3,52.28,15.2,5.5,1.0
NGC1079,_bdbarfn,4,5,BAR,ferrer2,,,,,,,0.111,20.249,,,11.005,11.461,10.578,26.05,SABa,0.6,61.64,26.1,-1.0,0.25
NGC1087,_dbar,2,5,BAR,ferrer2,,,,,,,0.049,17.738,,,10.847,11.211,10.228,17.512,SABc,5.2,54.25,17.5,6.5,1.0
NGC1179,_dbarn,3,5,BAR,ferrer2,,,,,,,0.025,20.556,,,12.052,12.448,9.802,18.171,Sc,5.9,48.03,18.2,6.0,0.88
NGC1187,_bdbarf,3,5,BAR,ferrer2,,,,,,,0.013,21.301,,,10.538,10.922,10.429,18.829,Sc,5.0,44.28,18.8,4.0,0.75
NGC1232,_bdbar,3,5,BAR,ferrer2,,,,,,,0.018,21.315,,,9.844,10.258,10.72,18.667,SABc,5.0,32.6,18.7,5.0,0.5
NGC1255,_dbar,2,5,BAR,ferrer2,,,,,,,0.026,18.999,,,11.163,11.542,10.291,21.506,SABb,4.0,58.81,21.5,6.0,1.0
NGC1258,_dbarfn,3,5,BAR,ferrer2,,,,,,,0.016,21.566,,,13.448,13.859,9.556,25.76,SABc,5.7,43.69,25.8,2.0,0.5
NGC1291,_bdbar,3,5,BAR,ferrer2,,,,,,,0.157,20.4,,,8.216,8.718,10.764,8.6,S0-a,0.1,29.41,8.6,-1.0,0.5
NGC1300,_bdbarf,3,5,BAR,ferrer2,,,,,,,0.06,21.07,,,10.201,10.652,10.576,18.05,Sbc,4.0,61.81,18.1,3.0,1.0
NGC1302,_nbdbar,4,5,BAR,ferrer2,,,,,,,0.064,20.684,,,10.448,10.892,10.561,20.0,S0-a,0.1,25.92,,-1.0,0.5
NGC1306,_dbarn,3,5,BAR,ferrer2,,,,,,,0.23,19.329,,,12.954,13.306,9.859,30.55,Sb,2.8,57.64,,5.5,0.25
NGC1309,_dbarn,3,5,BAR,ferrer2,,,,,,,0.055,19.964,,,11.462,11.87,10.423,28.025,Sbc,3.9,20.84,28.0,4.0,0.25
NGC1310,_dbarn,3,5,BAR,ferrer2,,,,,,,0.02,20.02,,,12.376,12.772,9.836,21.96,Sc,5.0,42.74,22.0,5.5,0.75
NGC1313,_dbarn,3,5,BAR,ferrer2,,,,,,,0.083,21.174,,,9.387,9.649,9.442,3.951,SBcd,7.0,34.79,4.0,7.2,1.0
NGC1326,_bdbar,3,5,BAR,ferrer2,,,,,,,0.182,19.911,,,10.117,10.561,10.551,16.983,S0-a,-0.8,52.93,17.0,-1.0,0.5
NGC1326A,_dbarf,2,5,BAR,ferrer2,,,,,,,0.021,23.073,,,14.24,14.678,8.894,16.894,Sm,8.9,58.08,16.9,9.5,1.0
NGC1338,_dbar,2,5,BAR,ferrer2,,,,,,,0.075,17.656,,,12.573,12.969,10.109,,SABb,3.1,18.41,33.0,6.0,1.0
NGC1341,_dbar,2,5,BAR,ferrer2,,,,,,,0.141,19.203,,,12.19,12.562,9.665,16.9,Sa,1.3,43.78,16.9,7.5,1.0
NGC1345,_dbar,2,5,BAR,ferrer2,,,,,,,0.215,19.145,,,13.5,13.975,9.277,18.1,Sc,5.2,35.56,18.1,9.0,1.0
NGC1350,_bdbarfn,4,5,BAR,ferrer2,,,,,,,0.095,20.538,,,9.94,10.411,10.825,20.938,Sab,1.9,64.79,20.9,0.0,0.38
NGC1365,_bdbarfn,4,5,BAR,ferrer2,,,,,,,0.143,19.892,,,8.699,8.89,10.978,17.926,Sb,3.2,62.71,17.9,4.0,1.0
NGC1367,_bdbar,3,5,BAR,ferrer2,,,,,,,0.058,20.326,,,10.351,10.805,10.739,23.25,Sa,1.1,51.95,23.3,0.0,0.5
NGC1398,_bdbarf,3,5,BAR,ferrer2,,,,,,,0.111,19.292,,,9.166,9.63,11.133,21.033,SBab,2.0,47.73,,1.0,1.0
NGC1452,_bdbarf,3,5,BAR,ferrer2,,,,,,,0.197,19.502,,,11.251,11.759,10.402,22.8,S0-a,0.4,46.48,,0.0,1.0
NGC1483,_dbar,2,5,BAR,ferrer2,,,,,,,0.087,21.725,,,12.973,13.418,9.584,20.72,SBbc,4.0,37.3,20.7,7.5,1.0
NGC1493,_dbarn,3,5,BAR,ferrer2,,,,,,,0.029,20.501,,,11.45,11.84,9.625,11.3,SBc,6.0,22.81,11.3,5.5,1.0
NGC1533,_bdbar,3,5,BAR,ferrer2,,,,,,,0.063,19.925,,,10.39,10.914,10.57,18.38,E-S0,-2.5,64.79,18.4,-2.0,1.0
NGC1559,_dbarf,2,5,BAR,ferrer2,,,,,,,0.012,18.672,,,10.215,10.587,10.39,15.681,SBc,5.9,60.19,,6.0,1.0
NGC1637,_dbarn,3,5,BAR,ferrer2,,,,,,,0.05,18.617,,,10.561,11.027,9.99,10.703,Sc,5.0,31.1,,3.0,0.5
NGC1640,_bdbarfn,4,5,BAR,ferrer2,,,,,,,0.136,19.771,,,11.372,11.856,10.181,19.1,Sb,3.0,17.22,19.1,1.5,1.0
NGC1672,_bdbarf,3,5,BAR,ferrer2,,,,,,,0.121,19.951,,,9.355,9.72,10.661,14.5,Sb,3.3,28.23,,3.0,0.75
NGC1679,_dbar,2,5,BAR,ferrer2,,,,,,,0.085,20.611,,,11.954,12.358,9.537,12.729,SBm,9.4,49.12,12.7,9.5,1.0
NGC1688,_dbarn,3,5,BAR,ferrer2,,,,,,,0.16,19.283,,,11.976,12.363,9.684,15.45,SBc,6.2,48.22,,8.0,1.0
NGC1800,_dbar,2,5,BAR,ferrer2,,,,,,,0.182,20.342,,,12.811,13.238,8.74,7.4,S?,8.0,46.96,7.4,10.0,1.0
NGC1879,_dbarn,3,5,BAR,ferrer2,,,,,,,0.115,22.868,,,13.188,13.567,9.461,21.05,SBm,8.6,52.37,21.1,9.0,0.5
NGC2500,_dbarn,3,5,BAR,ferrer2,,,,,,,0.018,21.756,,,11.817,12.261,9.42,10.1,Scd,7.0,20.61,10.1,6.5,0.5
NGC2608,_dbarfn,3,5,BAR,ferrer2,,,,,,,0.062,20.449,,,11.878,12.309,10.225,26.512,Sb,3.3,64.33,26.5,3.0,0.62
NGC2633,_bdbar,3,5,BAR,ferrer2,,,,,,,0.192,19.29,,,11.307,11.665,10.488,29.386,Sb,3.0,53.76,29.4,3.0,0.5
NGC2701,_dbar,2,5,BAR,ferrer2,,,,,,,0.047,17.529,,,12.233,12.647,10.445,40.831,SABc,5.2,49.23,40.8,3.5,0.25
NGC2743,_dbar,2,5,BAR,ferrer2,,,,,,,0.014,17.27,,,13.296,13.739,10.09,,Sd,7.9,53.54,39.9,8.5,1.0
NGC2750,_bdbar,3,5,BAR,ferrer2,,,,,,,0.055,20.742,,,11.938,12.374,10.526,38.4,SABc,5.3,45.38,38.4,3.5,0.25
NGC2780,_bdbarf,3,5,BAR,ferrer2,,,,,,,0.017,17.986,,,13.264,13.703,10.318,55.55,Sb,3.0,45.73,55.6,1.0,1.0
NGC2893,_bdbar,3,5,BAR,ferrer2,,,,,,,0.259,19.347,,,12.719,13.165,9.909,26.8,S0-a,0.3,39.11,26.8,-0.5,0.5
NGC2938,_dbar,2,5,BAR,ferrer2,,,,,,,0.067,21.475,,,14.027,14.437,9.828,46.0,Sc,5.8,47.96,46.0,7.5,1.0
NGC2968,_bdbar,3,5,BAR,ferrer2,,,,,,,0.175,20.358,,,10.93,11.444,10.104,13.89,Sa,1.2,52.67,13.9,-1.0,1.0
NGC3020,_dbar,2,5,BAR,ferrer2,,,,,,,0.095,20.537,,,12.922,13.289,9.821,28.45,Sc,5.9,58.42,28.5,8.5,1.0
NGC3023,_dbar,2,5,BAR,ferrer2,,,,,,,0.179,20.365,,,12.992,13.323,9.854,31.46,SABc,5.5,60.66,31.5,8.0,1.0
NGC3049,_dbarn,3,5,BAR,ferrer2,,,,,,,0.145,19.072,,,12.43,12.86,10.132,30.775,SBb,2.5,58.09,30.8,2.0,1.0
NGC3055,_dbarn,3,5,BAR,ferrer2,,,,,,,0.055,18.378,,,11.909,12.318,10.348,31.614,SABc,5.3,57.12,31.6,4.5,0.25
NGC3057,_dbarf,2,5,BAR,ferrer2,,,,,,,0.02,21.747,,,13.538,13.957,9.525,25.7,Sd,7.9,58.32,25.7,7.5,1.0
NGC3061,_bdbar,3,5,BAR,ferrer2,,,,,,,0.02,21.269,,,13.146,13.594,10.366,55.1,Sc,5.3,39.64,55.1,3.0,0.5
NGC3066,_dbarfn,3,5,BAR,ferrer2,,,,,,,0.085,19.289,,,12.525,12.914,10.109,32.4,SABb,4.0,18.64,,2.0,0.5
NGC3153,_dbar,2,5,BAR,ferrer2,,,,,,,0.072,20.531,,,13.092,13.543,10.101,39.6,Sc,5.9,60.64,,6.5,1.0
NGC3155,_dbarfn,3,5,BAR,ferrer2,,,,,,,0.053,18.77,,,13.45,13.881,10.171,51.4,Sbc,3.5,61.27,51.4,3.0,0.88
NGC3162,_dbarfn,3,5,BAR,ferrer2,,,,,,,0.04,19.749,,,11.775,12.229,10.287,26.66,SABc,4.6,37.09,26.7,4.5,0.0
NGC3166,_bdbar,3,5,BAR,ferrer2,,,,,,,0.259,18.766,,,9.85,10.314,10.898,22.0,S0-a,0.3,56.14,22.0,-1.0,0.75
NGC3206,_dbar,2,5,BAR,ferrer2,,,,,,,0.076,20.6,,,12.889,13.32,9.606,20.725,SBc,6.0,61.14,20.7,7.0,1.0
NGC3225,_dbar,2,5,BAR,ferrer2,,,,,,,0.032,19.76,,,13.184,13.636,10.064,39.529,Sc,5.8,64.95,39.5,5.5,0.25
NGC3254,_bdbar,3,5,BAR,ferrer2,,,,,,,0.074,20.251,,,11.52,12.005,10.575,32.154,Sbc,4.0,64.41,32.2,3.0,0.75
NGC3274,_dbar,2,5,BAR,ferrer2,,,,,,,0.082,21.338,,,13.252,13.671,9.056,13.129,Scd,6.6,61.62,13.1,9.0,0.0
NGC3319,_dbar,2,5,BAR,ferrer2,,,,,,,0.087,20.605,,,11.841,12.14,9.73,16.497,SBc,6.0,62.68,16.5,6.0,1.0
NGC3329,_dbarn,3,5,BAR,ferrer2,,,,,,,0.188,18.015,,,11.914,12.376,10.349,30.3,Sb,2.9,56.31,,1.0,0.0
NGC3346,_dbar,2,5,BAR,ferrer2,,,,,,,0.014,19.514,,,11.707,12.152,10.157,22.4,SBc,5.9,34.12,22.4,6.0,1.0
NGC3351,_bdbarf,3,5,BAR,ferrer2,,,,,,,0.098,19.709,,,9.2,9.668,10.486,10.113,Sb,3.1,54.64,,1.0,1.0
NGC3353,_dbarfn,3,5,BAR,ferrer2,,,,,,,0.287,18.801,,,12.884,13.164,9.419,18.94,Sb,3.4,45.74,18.9,10.0,
NGC3359,_dbar,2,5,BAR,ferrer2,,,,,,,0.074,19.519,,,10.965,11.353,10.259,18.809,Sc,5.2,47.16,,6.5,1.0
NGC3380,_bdbarn,4,5,BAR,ferrer2,,,,,,,0.257,20.725,,,12.428,12.905,9.961,,SBa,1.0,27.71,21.4,0.0,0.62
NGC3381,_dbar,2,5,BAR,ferrer2,,,,,,,0.108,20.111,,,12.553,12.963,9.892,,SBb,3.2,26.34,21.7,8.0,1.0
NGC3447,_dbar,2,5,BAR,ferrer2,,,,,,,0.051,22.06,,,13.397,13.904,9.433,20.1,Sm,8.8,64.1,20.1,8.5,0.75
NGC3485,_bdbarf,3,5,BAR,ferrer2,,,,,,,0.025,21.194,,,12.106,12.545,9.944,,Sb,3.1,19.98,19.1,3.5,0.62
NGC3488,_dbar,2,5,BAR,ferrer2,,,,,,,0.027,19.147,,,13.04,13.489,10.296,48.4,SBc,5.2,63.88,48.4,5.5,0.38
NGC3489,_bdbar,3,5,BAR,ferrer2,,,,,,,0.095,18.372,,,10.041,10.553,10.135,9.576,S0-a,-1.2,63.72,9.6,-2.0,0.75
NGC3504,_bdbarf,3,5,BAR,ferrer2,,,,,,,0.164,19.489,,,10.568,10.862,10.404,20.05,Sab,2.1,26.15,20.1,1.0,0.75
NGC3507,_bdbar,3,5,BAR,ferrer2,,,,,,,0.052,20.82,,,11.08,11.555,10.127,15.8,SBb,3.1,31.88,15.8,3.0,0.75
NGC3583,_bdbarf,3,5,BAR,ferrer2,,,,,,,0.066,18.933,,,10.966,11.395,10.718,30.8,SBb,3.1,58.69,30.8,2.2,0.5
NGC3599,_bdbar,3,5,BAR,ferrer2,,,,,,,0.114,20.906,,,11.812,12.304,10.036,19.657,S0,-2.0,28.32,19.7,-2.5,0.0
NGC3626,_bdbar,3,5,BAR,ferrer2,,,,,,,0.135,19.99,,,10.762,11.238,10.586,23.15,S0-a,-0.9,55.93,,-0.5,0.38
NGC3637,_bdbarfn,4,5,BAR,ferrer2,,,,,,,0.155,19.549,,,11.399,11.896,10.519,28.2,S0,-1.9,33.53,,-1.5,1.0
NGC3654,_dbarf,2,5,BAR,ferrer2,,,,,,,0.086,19.17,,,13.119,13.533,10.052,39.05,Sbc,4.0,57.08,39.1,7.0,1.0
NGC3664,_dbarf,2,5,BAR,ferrer2,,,,,,,0.087,21.293,,,13.35,13.737,9.531,24.4,SBm,9.0,57.15,24.4,9.0,1.0
NGC3673,_bdbarfn,4,5,BAR,ferrer2,,,,,,,0.049,20.884,,,11.079,11.537,10.505,24.786,Sb,3.2,50.57,24.8,2.0,0.75
NGC3681,_bdbar,3,5,BAR,ferrer2,,,,,,,0.113,18.762,,,11.634,12.105,10.273,24.2,Sbc,4.0,15.25,24.2,1.0,0.5
NGC3683A,_dbar,2,5,BAR,ferrer2,,,,,,,0.021,19.382,,,12.244,12.694,10.467,40.814,SBc,5.1,44.36,40.8,4.0,0.5
NGC3684,_bdbar,3,5,BAR,ferrer2,,,,,,,0.047,20.561,,,11.749,12.177,10.181,23.814,Sbc,4.0,50.79,23.8,5.0,0.5
NGC3686,_bdbar,3,5,BAR,ferrer2,,,,,,,0.021,20.79,,,11.016,11.449,10.264,18.612,SBbc,4.1,42.03,18.6,4.0,0.62
NGC3691,_dbar,2,5,BAR,ferrer2,,,,,,,0.492,21.083,,,13.07,13.511,9.811,28.275,SBb,3.0,47.38,28.3,9.5,1.0
NGC3729,_bdbarf,3,5,BAR,ferrer2,,,,,,,0.033,19.959,,,11.116,11.466,10.233,20.183,Sa,1.2,46.88,20.2,0.0,1.0
NGC3738,_dbar,2,5,BAR,ferrer2,,,,,,,0.127,21.107,,,12.132,12.568,8.4,3.633,I,9.8,50.0,3.6,,
NGC3782,_dbarf,2,5,BAR,ferrer2,,,,,,,0.046,20.547,,,13.145,13.534,9.17,14.633,Scd,6.5,60.29,14.6,9.0,1.0
NGC3795A,_dbar,2,5,BAR,ferrer2,,,,,,,0.062,22.499,,,13.537,14.018,9.477,23.067,Sc,6.4,43.98,,8.0,0.5
NGC3870,_dbar,2,5,BAR,ferrer2,,,,,,,0.304,18.09,,,13.178,13.626,9.325,16.9,S0,-2.0,50.67,16.9,-2.0,1.0
NGC3887,_bdbarf,3,5,BAR,ferrer2,,,,,,,0.03,20.284,,,10.561,10.992,10.476,19.3,Sbc,3.9,39.38,19.3,4.0,0.75
NGC3906,_dbarf,2,5,BAR,ferrer2,,,,,,,0.114,20.868,,,13.069,13.527,9.365,,SBcd,6.7,52.35,12.8,8.0,1.0
NGC3930,_bdbar,3,5,BAR,ferrer2,,,,,,,0.027,23.505,,,12.593,13.075,9.621,17.6,SABc,5.2,43.02,17.6,7.0,0.5
NGC3941,_bdbarn,4,5,BAR,ferrer2,,,,,,,0.113,18.848,,,10.022,10.549,10.494,14.175,S0,-2.0,58.02,14.2,-2.0,1.0
NGC3953,_bdbar,3,5,BAR,ferrer2,,,,,,,0.054,19.732,,,9.58,10.225,10.987,18.445,Sbc,4.0,62.14,,3.2,1.0
NGC3985,_dbar,2,5,BAR,ferrer2,,,,,,,0.119,19.041,,,12.607,13.05,9.313,12.85,SBm,8.8,55.64,12.9,9.0,0.75
NGC3992,_bdbarfn,4,5,BAR,ferrer2,,,,,,,0.05,20.561,,,9.592,10.05,11.104,24.878,Sbc,4.0,47.36,,2.0,1.0
NGC4027,_dbarf,2,5,BAR,ferrer2,,,,,,,0.045,18.213,,,10.789,11.172,10.594,25.6,SBd,7.8,42.34,,8.0,1.0
NGC4034,_dbarn,3,5,BAR,ferrer2,,,,,,,0.039,21.638,,,13.802,14.288,9.79,,Sc,6.0,54.04,31.6,3.0,0.88
NGC4037,_dbarn,3,5,BAR,ferrer2,,,,,,,0.076,21.888,,,12.355,12.831,9.691,17.2,Sb,2.9,21.97,17.2,3.5,0.5
NGC4045,_bdbar,3,5,BAR,ferrer2,,,,,,,0.244,19.983,,,11.24,11.666,10.611,30.944,SABa,1.3,55.93,17.0,2.0,0.5
NGC4051,_bdbarf,3,5,BAR,ferrer2,,,,,,,0.047,20.711,,,9.974,10.259,10.359,14.575,SABb,4.0,30.22,14.6,3.0,0.5
NGC4067,_bdbarf,3,5,BAR,ferrer2,,,,,,,0.095,18.827,,,12.495,12.961,10.385,41.15,Sb,3.1,45.52,17.0,2.0,1.0
NGC4102,_bdbar,3,5,BAR,ferrer2,,,,,,,0.186,17.64,,,10.251,10.556,10.554,20.381,SABb,3.1,58.23,20.4,2.0,0.38
NGC4116,_dbarf,2,5,BAR,ferrer2,,,,,,,0.043,20.245,,,12.1,12.583,9.979,21.171,SBcd,7.4,63.73,17.0,7.5,1.0
NGC4123,_bdbarf,3,5,BAR,ferrer2,,,,,,,0.052,21.101,,,11.299,11.733,10.294,21.933,Sc,5.0,44.26,17.0,2.5,1.0
NGC4133,_bdbar,3,5,BAR,ferrer2,,,,,,,0.165,19.305,,,11.894,12.311,9.764,15.9,SABb,3.0,51.3,,1.5,1.0
NGC4136,_bdbar,3,5,BAR,ferrer2,,,,,,,0.017,21.805,,,11.719,12.215,9.463,9.7,Sc,5.2,22.02,17.0,4.0,0.25
NGC4142,_dbar,2,5,BAR,ferrer2,,,,,,,0.048,22.544,,,13.953,14.364,9.365,26.05,SBcd,6.5,60.23,26.1,8.5,0.88
NGC4145,_dbar,2,5,BAR,ferrer2,,,,,,,0.046,20.798,,,11.174,11.588,10.178,18.458,Scd,6.9,64.3,18.5,7.0,0.62
NGC4152,_dbarn,3,5,BAR,ferrer2,,,,,,,0.055,18.539,,,11.992,12.377,10.348,33.514,SABc,5.0,50.63,32.0,5.0,0.5
NGC4189,_dbarn,3,5,BAR,ferrer2,,,,,,,0.023,18.841,,,11.501,11.927,10.491,30.411,Sc,6.0,35.94,32.0,4.0,0.75
NGC4204,_dbar,2,5,BAR,ferrer2,,,,,,,0.151,21.605,,,12.819,13.194,8.755,7.9,SBd,8.0,0.0,17.0,8.0,1.0
NGC4214,_dbar,2,5,BAR,ferrer2,,,,,,,0.118,20.969,,,10.21,10.597,9.076,3.401,I,9.8,43.69,,10.0,0.5
NGC4234,_dbarf,2,5,BAR,ferrer2,,,,,,,0.018,18.797,,,12.718,13.142,10.071,32.9,Sm,8.8,17.17,32.0,8.5,1.0
NGC4245,_bdbarf,3,5,BAR,ferrer2,,,,,,,0.119,20.162,,,10.904,11.417,9.801,9.7,S0-a,0.1,56.13,17.0,-1.0,1.0
NGC4262,_bdbarf,3,5,BAR,ferrer2,,,,,,,0.119,18.589,,,11.102,11.621,10.377,20.51,E-S0,-2.7,34.29,17.0,-2.5,1.0
NGC4267,_bdbar,3,5,BAR,ferrer2,,,,,,,0.04,20.019,,,10.498,11.036,10.456,16.73,E-S0,-2.7,57.55,17.0,-3.0,0.5
NGC4273,_dbarn,3,5,BAR,ferrer2,,,,,,,0.122,18.339,,,11.319,11.693,10.652,35.189,Sc,5.2,26.86,32.0,5.0,0.62
NGC4276,_dbar,2,5,BAR,ferrer2,,,,,,,0.08,20.052,,,13.004,13.445,10.089,,SABd,7.6,30.69,23.0,8.0,0.88
NGC4288,_dbarf,2,5,BAR,ferrer2,,,,,,,0.069,21.048,,,13.11,13.631,9.294,14.833,SBcd,7.0,42.14,14.8,8.5,1.0
NGC4293,_bdbarfn,4,5,BAR,ferrer2,,,,,,,0.147,19.846,,,10.063,10.496,10.418,14.32,S0-a,0.3,59.44,,0.0,1.0
NGC4303A,_dbar,2,5,BAR,ferrer2,,,,,,,0.1,20.657,,,13.68,14.106,9.198,,Sc,6.4,16.0,17.1,8.0,0.25
NGC4314,_bdbarfn,4,5,BAR,ferrer2,,,,,,,0.249,19.649,,,10.067,10.584,10.14,9.7,Sa,1.0,16.22,17.0,1.0,1.0
NGC4369,_dbar,2,5,BAR,ferrer2,,,,,,,0.186,18.069,,,11.409,11.831,10.228,21.6,Sa,1.0,18.92,21.6,0.0,1.0
NGC4370,_dbar,2,5,BAR,ferrer2,,,,,,,0.252,16.959,,,11.822,12.33,10.459,31.7,Sa,0.9,53.23,23.0,-2.5,
NGC4384,_dbar,2,5,BAR,ferrer2,,,,,,,0.075,18.993,,,13.001,13.379,10.016,36.6,Sa,1.0,41.81,36.6,8.0,1.0
NGC4389,_dbarf,2,5,BAR,ferrer2,,,,,,,0.177,19.211,,,11.588,12.013,9.844,15.05,SBbc,4.1,50.02,15.1,1.0,1.0
NGC4390,_dbarfn,3,5,BAR,ferrer2,,,,,,,0.016,21.227,,,12.939,13.395,9.78,25.34,SABc,5.0,43.29,23.0,5.0,0.5
NGC4394,_bdbarf,3,5,BAR,ferrer2,,,,,,,0.118,19.932,,,10.601,11.167,10.44,16.8,SBb,3.0,16.55,17.0,0.0,1.0
NGC4405,_dbarfn,3,5,BAR,ferrer2,,,,,,,0.056,18.965,,,11.931,12.435,10.239,,S0-a,-0.1,55.4,17.0,0.5,0.5
NGC4411A,_dbar,2,5,BAR,ferrer2,,,,,,,0.027,21.665,,,13.382,13.838,9.245,16.8,Sc,5.4,54.42,16.8,6.5,1.0
NGC4412,_dbarfn,3,5,BAR,ferrer2,,,,,,,0.031,20.321,,,12.146,12.588,10.382,35.6,SBb,3.1,26.8,17.0,3.5,0.75
NGC4413,_dbarn,3,5,BAR,ferrer2,,,,,,,0.102,19.045,,,12.097,12.543,9.745,16.675,Sab,2.0,48.24,17.0,4.0,1.0
NGC4416,_dbar,2,5,BAR,ferrer2,,,,,,,0.035,19.555,,,12.514,12.944,9.747,,Sc,5.9,29.37,17.0,8.0,1.0
NGC4424,_dbar,2,5,BAR,ferrer2,,,,,,,0.174,18.371,,,11.506,11.932,9.929,15.95,SBa,1.0,64.99,23.0,0.0,1.0
NGC4430,_dbarfn,3,5,BAR,ferrer2,,,,,,,0.033,20.361,,,12.022,12.482,9.802,17.0,Sb,3.4,43.86,23.0,8.0,0.75
NGC4448,_bdbarf,3,5,BAR,ferrer2,,,,,,,0.13,18.634,,,10.472,10.983,10.848,26.533,SBab,1.8,52.51,17.0,0.5,1.0
NGC4449,_dbarn,3,5,BAR,ferrer2,,,,,,,0.16,19.724,,,9.792,10.13,9.278,3.693,IB,9.8,63.45,,10.0,1.0
NGC4450,_bdbarfn,4,5,BAR,ferrer2,,,,,,,0.084,19.744,,,9.697,10.169,10.718,16.542,Sab,2.4,48.75,,0.5,0.5
NGC4454,_bdbarfn,4,5,BAR,ferrer2,,,,,,,0.059,20.943,,,11.599,12.115,10.658,35.7,S0-a,0.0,25.37,35.7,0.0,0.5
NGC4487,_dbar,2,5,BAR,ferrer2,,,,,,,0.036,20.05,,,11.458,11.865,10.131,20.04,Sc,6.0,58.18,20.0,7.0,1.0
NGC4491,_bdbarf,3,5,BAR,ferrer2,,,,,,,0.064,20.222,,,12.512,12.957,8.961,,SBa,1.2,64.05,17.0,-0.5,1.0
NGC4496A,_dbar,2,5,BAR,ferrer2,,,,,,,0.04,21.006,,,11.774,12.25,9.839,15.606,SBd,7.6,38.5,15.6,7.0,1.0
NGC4498,_dbarf,2,5,BAR,ferrer2,,,,,,,0.079,19.937,,,12.232,12.658,9.741,17.958,Sc,6.4,57.34,17.0,7.0,1.0
NGC4502,_dbarf,2,5,BAR,ferrer2,,,,,,,0.004,24.146,,,14.273,14.709,9.403,30.9,Sc,5.8,60.23,17.0,9.5,0.75
NGC4504,_dbarn,3,5,BAR,ferrer2,,,,,,,0.019,21.251,,,11.661,12.107,10.153,21.814,SABc,6.0,52.93,21.8,5.0,0.5
NGC4519,_dbarf,2,5,BAR,ferrer2,,,,,,,0.081,19.995,,,12.058,12.46,10.191,28.411,Scd,6.9,41.09,17.0,6.5,0.75
NGC4523,_dbar,2,5,BAR,ferrer2,,,,,,,0.046,22.647,,,13.741,14.184,9.092,16.8,Sm,9.1,25.12,17.0,9.0,0.75
NGC4525,_dbarnf,3,5,BAR,ferrer2,,,,,,,0.023,21.607,,,12.69,13.125,9.448,15.687,SBc,5.9,60.6,17.0,6.5,1.0
NGC4535,_bdbarf,3,5,BAR,ferrer2,,,,,,,0.015,20.914,,,9.709,10.128,10.695,16.958,Sc,5.0,23.8,17.0,5.0,0.5
NGC4540,_dbarfn,3,5,BAR,ferrer2,,,,,,,0.019,20.976,,,11.788,12.237,9.877,16.8,SABc,6.2,34.21,17.0,9.0,0.5
NGC4548,_bdbarf,3,5,BAR,ferrer2,,,,,,,0.114,20.084,,,9.731,10.216,10.696,16.196,Sb,3.1,36.85,17.0,1.5,1.0
NGC4559,_ndbar,3,5,BAR,ferrer2,,,,,,,0.022,20.172,,,10.151,10.581,10.004,9.29,Sc,6.0,64.76,,6.0,0.75
NGC4561,_dbar,2,5,BAR,ferrer2,,,,,,,0.112,20.826,,,13.094,13.516,9.065,12.3,SBcd,7.2,35.15,17.0,7.0,1.0
NGC4579,_bdbarf,3,5,BAR,ferrer2,,,,,,,0.111,18.823,,,9.122,9.599,11.098,19.583,SABb,2.9,41.86,,1.0,1.0
NGC4584,_dbar,2,5,BAR,ferrer2,,,,,,,0.078,19.757,,,13.083,13.534,9.728,,Sa,1.5,49.67,17.0,0.0,1.0
NGC4591,_dbarfn,3,5,BAR,ferrer2,,,,,,,0.019,17.821,,,12.808,13.27,10.392,48.067,Sb,3.3,59.85,17.0,1.5,0.5
NGC4593,_bdbarfn,4,5,BAR,ferrer2,,,,,,,0.142,20.279,,,10.502,10.855,10.932,33.933,Sb,3.0,33.05,33.9,1.0,1.0
NGC4595,_dbar,2,5,BAR,ferrer2,,,,,,,0.015,20.624,,,12.524,12.951,9.54,16.289,SABb,3.8,52.75,17.0,7.5,0.25
NGC4596,_bdbarf,3,5,BAR,ferrer2,,,,,,,0.153,19.704,,,9.94,10.477,10.682,16.8,S0-a,-0.9,36.67,17.0,-0.5,1.0
NGC4606,_bdbar,3,5,BAR,ferrer2,,,,,,,0.105,21.834,,,11.986,12.43,9.809,17.08,SBa,0.6,62.65,17.0,-2.5,0.0
NGC4639,_bdbarf,3,5,BAR,ferrer2,,,,,,,0.072,20.094,,,11.327,11.785,10.317,22.356,Sbc,3.5,51.02,17.0,2.0,0.75
NGC4643,_bdbarf,3,5,BAR,ferrer2,,,,,,,0.214,19.175,,,9.966,10.486,11.028,25.7,S0-a,-0.6,42.92,17.0,-1.5,1.0
NGC4654,_dbar,2,5,BAR,ferrer2,,,,,,,0.045,17.826,,,10.161,10.583,10.485,16.362,Sc,5.9,59.76,,6.0,1.0
NGC4658,_dbarf,2,5,BAR,ferrer2,,,,,,,0.034,17.255,,,12.176,12.561,10.228,31.78,Sbc,4.0,53.53,31.8,7.0,1.0
NGC4680,_dbarfn,3,5,BAR,ferrer2,,,,,,,0.03,18.51,,,12.178,12.595,10.375,36.625,S0-a,0.0,63.55,36.6,3.0,0.38
NGC4688,_dbarf,2,5,BAR,ferrer2,,,,,,,0.031,21.639,,,12.791,13.477,9.667,17.1,Sc,6.0,23.68,17.0,8.0,1.0
NGC4691,_dbar,2,5,BAR,ferrer2,,,,,,,0.287,18.036,,,10.805,11.193,10.479,22.5,S0-a,0.3,38.75,22.5,0.0,1.0
NGC4713,_dbarn,3,5,BAR,ferrer2,,,,,,,0.017,20.782,,,11.803,12.235,9.836,16.367,Scd,6.8,23.77,17.0,5.5,0.62
NGC4725,_bdbarf,3,5,BAR,ferrer2,,,,,,,0.064,20.947,,,8.912,9.407,10.881,13.637,SABa,2.2,45.39,17.0,1.0,0.5
NGC4733,_bdbar,3,5,BAR,ferrer2,,,,,,,0.03,21.043,,,11.692,12.209,9.973,16.933,E,-3.8,27.64,17.0,-1.0,1.0
NGC4779,_bdbarf,3,5,BAR,ferrer2,,,,,,,0.087,20.385,,,12.288,12.735,10.448,40.84,SBc,4.6,46.46,17.0,3.0,1.0
NGC4897,_bdbar,3,5,BAR,ferrer2,,,,,,,0.186,20.219,,,12.191,12.629,10.564,44.967,Sbc,4.0,38.26,45.0,3.0,0.62
NGC4900,_dbar,2,5,BAR,ferrer2,,,,,,,0.04,18.557,,,11.323,11.722,10.362,24.714,SBc,5.2,18.98,17.0,6.0,1.0
NGC4902,_bdbarf,3,5,BAR,ferrer2,,,,,,,0.073,19.197,,,10.756,11.238,11.051,39.2,Sb,3.0,26.61,39.2,2.5,1.0
NGC4941,_bdbarn,4,5,BAR,ferrer2,,,,,,,0.307,21.115,,,10.718,11.138,10.355,18.22,SABa,2.1,36.6,18.2,0.0,0.0
NGC4942,_dbarnf,3,5,BAR,ferrer2,,,,,,,0.015,21.429,,,13.168,13.623,9.905,32.56,SABc,6.9,43.98,32.6,5.0,0.25
NGC4948A,_dbarf,2,5,BAR,ferrer2,,,,,,,0.031,22.009,,,13.789,14.217,9.447,26.2,SBd,7.7,49.74,26.2,9.0,1.0
NGC4984,_bdbar,3,5,BAR,ferrer2,,,,,,,0.246,20.035,,,10.234,10.664,10.691,21.3,S0-a,-0.8,47.06,21.3,0.0,0.5
NGC4995,_dbarfn,3,5,BAR,ferrer2,,,,,,,0.041,19.462,,,10.802,11.264,10.754,28.911,SABb,3.1,54.64,28.9,2.0,0.5
NGC5068,_ndbar,3,5,BAR,ferrer2,,,,,,,0.04,20.489,,,9.844,10.249,9.739,6.075,Sc,6.0,26.95,,7.0,1.0
NGC5101,_bdbar,3,5,BAR,ferrer2,,,,,,,0.171,19.794,,,9.805,10.275,11.111,27.4,S0-a,0.2,22.26,27.4,0.0,1.0
NGC5117,_bdbarf,3,5,BAR,ferrer2,,,,,,,0.153,22.014,,,13.515,14.217,10.118,39.55,SBc,5.7,62.55,37.5,6.5,0.5
NGC5134,_bdbarfn,4,5,BAR,ferrer2,,,,,,,0.144,20.127,,,10.779,11.221,9.899,10.889,SABb,2.9,58.66,10.9,1.0,0.62
NGC5147,_dbarfn,3,5,BAR,ferrer2,,,,,,,0.01,21.265,,,12.144,12.572,9.938,21.6,SBd,7.9,25.16,21.6,5.5,0.88
NGC5218,_dbarn,3,5,BAR,ferrer2,,,,,,,0.275,18.735,,,11.7,12.095,10.845,51.42,SBb,3.0,51.15,51.4,1.0,1.0
NGC5236,_bdbarf,3,5,BAR,ferrer2,,,,,,,0.048,19.174,,,6.937,7.364,11.037,6.96,Sc,5.0,14.08,7.0,5.0,0.5
NGC5300,_dbarn,3,5,BAR,ferrer2,,,,,,,0.009,20.478,,,11.742,12.155,10.088,21.623,SABc,5.2,50.83,21.6,5.0,0.25
NGC5334,_dbarfn,3,5,BAR,ferrer2,,,,,,,0.01,21.542,,,11.886,12.326,10.409,32.62,Sc,5.2,44.79,32.6,6.0,1.0
NGC5339,_bdbarf,3,5,BAR,ferrer2,,,,,,,0.045,20.961,,,12.004,12.438,10.507,,Sa,1.1,37.07,36.5,2.0,0.75
NGC5347,_dbarfn,3,5,BAR,ferrer2,,,,,,,0.085,20.633,,,11.968,11.979,9.903,27.3,Sab,2.0,45.29,27.3,1.0,0.88
NGC5350,_bdbarf,3,5,BAR,ferrer2,,,,,,,0.044,19.632,,,11.32,11.711,10.561,31.263,Sbc,3.6,54.15,31.3,2.7,1.0
NGC5355,_bdbar,3,5,BAR,ferrer2,,,,,,,0.118,21.077,,,12.98,13.483,10.142,37.65,S0,-2.1,62.67,,-3.5,0.5
NGC5375,_bdbarfn,4,5,BAR,ferrer2,,,,,,,0.134,20.044,,,11.764,12.258,10.715,41.92,SBab,2.4,44.8,41.9,1.5,1.0
NGC5430,_bdbarf,3,5,BAR,ferrer2,,,,,,,0.178,19.114,,,11.419,11.793,10.721,39.883,SBb,3.1,50.25,39.9,3.0,1.0
NGC5448,_bdbar,3,5,BAR,ferrer2,,,,,,,0.36,20.762,,,11.297,11.779,10.768,36.3,Sa,1.4,64.42,36.3,1.0,0.5
NGC5473,_bdbar,3,5,BAR,ferrer2,,,,,,,0.073,19.588,,,11.044,11.556,10.819,33.4,E-S0,-2.7,47.94,33.4,-3.0,0.75
NGC5534,_bdbar,3,5,BAR,ferrer2,,,,,,,0.235,19.674,,,12.147,12.557,10.259,31.8,Sab,2.1,26.33,31.8,1.0,0.88
NGC5569,_dbar,2,5,BAR,ferrer2,,,,,,,0.066,21.644,,,13.752,14.043,9.006,17.4,SABc,5.8,39.38,17.4,9.0,0.75
NGC5597,_dbar,2,5,BAR,ferrer2,,,,,,,0.207,16.047,,,11.706,12.104,10.596,38.6,Sc,6.0,39.98,38.6,6.5,1.0
NGC5600,_dbar,2,5,BAR,ferrer2,,,,,,,0.079,17.835,,,11.795,12.227,11.299,87.84,Sc,4.8,10.53,87.8,8.0,1.0
NGC5636,_bdbarf,3,5,BAR,ferrer2,,,,,,,0.024,21.656,,,13.074,13.564,9.719,,S0-a,-0.4,55.63,22.2,0.0,0.5
NGC5645,_dbar,2,5,BAR,ferrer2,,,,,,,0.113,19.868,,,12.298,12.672,9.86,22.2,SBcd,6.6,58.57,22.2,8.0,1.0
NGC5661,_dbar,2,5,BAR,ferrer2,,,,,,,0.117,17.029,,,13.498,13.869,10.059,48.567,Sb,3.2,60.66,48.6,6.0,1.0
NGC5669,_dbar,2,5,BAR,ferrer2,,,,,,,0.067,20.007,,,11.981,12.454,10.162,24.963,SABc,6.0,56.75,25.0,7.0,1.0
NGC5691,_dbarf,2,5,BAR,ferrer2,,,,,,,0.084,18.32,,,12.204,12.588,10.173,30.2,SABa,1.2,43.95,30.2,8.0,1.0
NGC5693,_dbarf,2,5,BAR,ferrer2,,,,,,,0.045,21.239,,,13.524,13.959,9.83,,Scd,6.9,47.74,30.4,8.0,0.5
NGC5701,_bdbarf,3,5,BAR,ferrer2,,,,,,,0.223,20.088,,,10.757,11.237,10.695,26.1,S0-a,-0.4,40.6,26.1,0.0,0.75
NGC5713,_bdbar,3,5,BAR,ferrer2,,,,,,,0.243,18.995,,,10.698,11.082,10.567,23.8,SABb,4.0,48.17,23.8,9.0,0.75
NGC5728,_bdbar,3,5,BAR,ferrer2,,,,,,,0.348,20.428,,,10.629,11.062,10.849,30.567,Sa,1.2,59.09,30.6,0.0,0.88
NGC5740,_bdbarf,3,5,BAR,ferrer2,,,,,,,0.038,20.091,,,11.503,11.939,10.456,28.988,SABb,3.0,63.91,,2.0,0.62
NGC5757,_bdbarf,3,5,BAR,ferrer2,,,,,,,0.128,18.936,,,11.392,11.791,10.742,39.5,Sb,3.1,50.6,39.5,1.7,1.0
NGC5768,_dbarfn,3,5,BAR,ferrer2,,,,,,,0.027,19.309,,,12.309,12.704,10.098,28.825,Sc,5.3,41.72,28.8,4.5,0.5
NGC5781,_dbarf,2,5,BAR,ferrer2,,,,,,,0.176,18.056,,,12.534,12.929,10.096,31.875,SBb,2.8,60.67,31.9,1.0,1.0
NGC5806,_bdbarf,3,5,BAR,ferrer2,,,,,,,0.008,21.507,,,10.931,11.381,10.585,25.541,Sb,3.2,60.39,25.5,2.0,0.5
NGC5850,_bdbarf,3,5,BAR,ferrer2,,,,,,,0.134,20.631,,,10.507,11.1,10.775,23.15,Sb,3.1,46.92,23.2,1.5,1.0
NGC5866B,_dbar,2,5,BAR,ferrer2,,,,,,,0.078,22.25,,,13.909,14.408,9.111,17.7,SABd,7.9,50.78,17.7,11.0,0.75
NGC5885,_dbarn,3,5,BAR,ferrer2,,,,,,,0.015,19.935,,,11.5,11.922,10.45,29.12,SABc,5.0,33.32,,5.0,0.75
NGC5892,_dbar,2,5,BAR,ferrer2,,,,,,,0.03,19.937,,,11.99,12.419,10.321,31.24,SABc,7.0,39.15,31.2,6.0,1.0
NGC5915,_dbarf,2,5,BAR,ferrer2,,,,,,,0.33,18.282,,,11.845,12.177,10.2,27.6,SBb,2.7,44.28,27.6,7.5,0.0
NGC5921,_bdbarf,3,5,BAR,ferrer2,,,,,,,0.056,20.243,,,10.781,11.207,10.411,19.933,Sbc,4.0,49.45,19.9,3.0,1.0
NGC5950,_dbar,2,5,BAR,ferrer2,,,,,,,0.122,19.668,,,13.375,13.782,9.93,38.375,Sb,3.1,63.38,,5.5,1.0
NGC5956,_dbarn,3,5,BAR,ferrer2,,,,,,,0.135,18.4,,,12.426,12.878,10.089,,Sc,5.9,0.0,25.4,2.0,1.0
NGC5964,_dbar,2,5,BAR,ferrer2,,,,,,,0.078,20.829,,,11.846,12.309,10.262,26.567,SBcd,6.9,42.02,26.6,6.0,1.0
NGC5970,_dbarn,3,5,BAR,ferrer2,,,,,,,0.098,19.135,,,11.256,11.661,10.585,30.811,SBc,5.0,47.68,,5.0,0.88
NGC6012,_dbarfn,3,5,BAR,ferrer2,,,,,,,0.211,19.98,,,11.871,12.271,10.036,21.85,SBab,1.7,46.9,21.9,2.0,1.0
NGC6014,_dbarfn,3,5,BAR,ferrer2,,,,,,,0.124,19.717,,,12.346,12.79,10.327,,S0,-1.8,41.36,33.2,-0.5,0.62
NGC6140,_dbar,2,5,BAR,ferrer2,,,,,,,0.068,20.512,,,12.024,12.45,9.854,18.6,Sc,5.6,32.25,18.6,7.0,1.0
NGC6155,_dbar,2,5,BAR,ferrer2,,,,,,,0.019,16.181,,,12.415,12.8,10.283,,Sc,5.2,51.47,32.2,6.0,1.0
NGC6217,_dbarfn,3,5,BAR,ferrer2,,,,,,,0.106,19.752,,,11.03,11.43,10.451,23.9,Sbc,4.0,44.78,,3.0,1.0
NGC6236,_dbar,2,5,BAR,ferrer2,,,,,,,0.026,21.604,,,13.158,13.536,9.62,24.925,SABc,5.9,55.18,24.9,8.0,1.0
NGC6237,_dbar,2,5,BAR,ferrer2,,,,,,,0.129,22.361,,,13.941,14.451,9.217,,SBc,6.4,52.67,15.1,9.0,1.0
NGC6267,_bdbarf,3,5,BAR,ferrer2,,,,,,,0.028,20.654,,,12.608,12.978,10.504,53.95,Sc,4.8,41.47,54.0,3.0,0.88
NGC6339,_dbar,2,5,BAR,ferrer2,,,,,,,0.111,19.605,,,12.548,12.955,10.062,30.538,Sc,6.3,52.01,30.5,6.0,1.0
NGC6412,_dbarn,3,5,BAR,ferrer2,,,,,,,0.032,19.615,,,11.806,12.194,10.117,23.5,SABc,5.2,31.11,23.5,6.0,0.88
NGC6889,_dbarn,3,5,BAR,ferrer2,,,,,,,0.042,20.212,,,13.178,13.614,9.944,34.8,SBbc,3.7,53.11,34.8,3.5,0.75
NGC6923,_bdbar,3,5,BAR,ferrer2,,,,,,,0.081,19.153,,,11.288,11.751,10.755,36.19,SBb,3.1,64.47,,3.5,0.38
NGC7051,_dbarn,3,5,BAR,ferrer2,,,,,,,0.3,18.218,,,11.874,12.301,10.251,27.375,Sa,0.9,45.53,27.4,3.0,0.5
NGC7070,_dbar,2,5,BAR,ferrer2,,,,,,,0.031,19.056,,,12.256,12.69,10.191,30.3,Sc,6.0,30.81,30.3,5.0,0.88
NGC7079,_bdbarf,3,5,BAR,ferrer2,,,,,,,0.049,19.921,,,11.363,11.865,10.642,31.8,S0,-1.8,61.88,31.8,-2.0,0.75
NGC7091,_dbar,2,5,BAR,ferrer2,,,,,,,0.131,21.408,,,13.554,13.931,9.736,,Sd,7.9,51.3,34.3,9.0,1.0
NGC7140,_bdbarf,3,5,BAR,ferrer2,,,,,,,0.069,21.538,,,11.463,11.914,10.704,37.4,SABb,3.8,48.94,,2.5,0.75
NGC7154,_dbarfn,3,5,BAR,ferrer2,,,,,,,0.082,19.99,,,12.644,13.063,9.967,28.35,I,9.5,34.52,28.4,8.0,1.0
NGC7162A,_dbarf,2,5,BAR,ferrer2,,,,,,,0.024,22.0,,,13.299,13.783,9.812,30.314,Sm,8.9,49.57,30.3,7.5,1.0
NGC7179,_bdbarf,3,5,BAR,ferrer2,,,,,,,0.051,20.983,,,12.207,12.682,10.602,45.9,SBbc,3.7,63.76,45.9,0.0,0.88
NGC7280,_bdbar,3,5,BAR,ferrer2,,,,,,,0.081,19.661,,,11.788,12.286,10.189,23.06,S0-a,-1.3,58.65,,-3.0,0.5
NGC7371,_bdbar,3,5,BAR,ferrer2,,,,,,,0.038,20.1,,,11.705,12.165,10.456,31.2,S0-a,0.0,25.22,31.2,2.0,0.38
NGC7418,_dbarfn,3,5,BAR,ferrer2,,,,,,,0.014,20.16,,,10.843,11.254,10.373,19.85,Sc,5.8,39.86,19.9,5.0,0.5
NGC7418A,_dbarn,3,5,BAR,ferrer2,,,,,,,0.186,20.06,,,14.208,14.603,9.229,25.4,Scd,6.5,61.15,25.4,2.5,0.38
NGC7421,_bdbarf,3,5,BAR,ferrer2,,,,,,,0.031,20.572,,,11.817,12.281,10.151,,Sbc,3.7,36.15,24.0,2.0,1.0
NGC7424,_dbar,2,5,BAR,ferrer2,,,,,,,0.047,20.061,,,10.703,11.195,10.014,11.5,Sc,6.0,59.03,,6.0,1.0
NGC7479,_bdbar,3,5,BAR,ferrer2,,,,,,,0.238,19.539,,,10.336,10.634,10.955,33.85,SBbc,4.3,43.03,33.9,3.0,1.0
NGC7496,_dbarfn,3,5,BAR,ferrer2,,,,,,,0.089,20.018,,,11.15,11.515,9.973,15.02,Sb,3.2,52.8,,3.0,0.88
NGC7513,_bdbarf,3,5,BAR,ferrer2,,,,,,,0.113,19.77,,,11.305,11.749,10.212,19.85,SBb,3.2,55.68,19.9,1.0,1.0
NGC7661,_dbar,2,5,BAR,ferrer2,,,,,,,0.055,22.238,,,13.919,14.319,9.551,32.1,SBc,5.9,51.21,32.1,7.5,0.75
NGC7723,_bdbarf,3,5,BAR,ferrer2,,,,,,,0.035,19.437,,,10.833,11.277,10.681,27.373,SBb,3.1,47.09,27.4,2.5,1.0
NGC7724,_dbarfn,3,5,BAR,ferrer2,,,,,,,0.026,21.352,,,12.939,13.384,10.114,37.625,SBb,3.1,49.2,37.6,1.0,0.62
NGC7731,_bdbar,3,5,BAR,ferrer2,,,,,,,0.274,19.755,,,13.273,13.714,9.959,36.8,SBa,1.0,45.52,36.8,1.5,0.38
NGC7741,_dbar,2,5,BAR,ferrer2,,,,,,,0.1,20.722,,,11.493,11.872,9.801,14.263,SBc,5.9,50.25,14.3,6.0,1.0
NGC7755,_bdbarf,3,5,BAR,ferrer2,,,,,,,0.078,20.288,,,11.326,11.763,10.599,31.486,Sc,5.0,53.72,31.5,3.5,0.62
NGC7757,_dbarn,3,5,BAR,ferrer2,,,,,,,0.08,21.487,,,12.76,13.194,10.268,,Sc,5.3,43.97,39.4,5.5,0.5
NGC7764,_dbarf,2,5,BAR,ferrer2,,,,,,,0.031,20.101,,,12.564,12.924,9.674,20.5,SBm,9.4,47.54,20.5,8.0,1.0
NGC7798,_bdbarf,3,5,BAR,ferrer2,,,,,,,0.026,19.157,,,11.812,12.23,10.422,32.6,SBc,5.1,24.3,32.6,2.5,0.5
PGC002492,_dbar,2,5,BAR,ferrer2,,,,,,,0.078,22.629,,,14.155,14.56,9.06,,Sab,2.0,50.97,20.7,7.5,0.5
PGC003853,_dbar,2,5,BAR,ferrer2,,,,,,,0.036,21.255,,,11.556,11.983,9.705,12.6,SABc,7.0,43.23,12.6,6.0,0.88
PGC006626,_dbarn,3,5,BAR,ferrer2,,,,,,,0.047,22.84,,,13.825,14.171,9.13,19.8,I,9.9,44.37,19.8,6.0,0.75
PGC006667,_dbar,2,5,BAR,ferrer2,,,,,,,0.042,21.202,,,12.974,13.432,9.742,24.6,Scd,6.6,38.05,,7.5,0.75
PGC012068,_dbar,2,5,BAR,ferrer2,,,,,,,0.09,22.302,,,14.283,14.698,9.286,27.6,IB,10.0,45.27,27.6,8.5,1.0
PGC012664,_dbar,2,5,BAR,ferrer2,,,,,,,0.043,20.978,,,13.788,14.218,9.693,34.7,Scd,6.7,56.18,34.7,7.0,0.62
PGC015869,_dbar,2,5,BAR,ferrer2,,,,,,,0.06,21.405,,,14.095,14.483,9.452,31.4,SABd,8.0,59.73,,7.0,1.0
PGC016784,_dbar,2,5,BAR,ferrer2,,,,,,,0.109,21.971,,,13.669,14.104,9.457,24.9,SBm,9.0,62.4,,8.0,1.0
PGC032091,_bdbarf,3,5,BAR,ferrer2,,,,,,,0.027,22.375,,,13.766,14.19,9.693,,SABc,7.0,25.61,33.6,5.5,0.5
PGC036217,_dbarn,3,5,BAR,ferrer2,,,,,,,0.046,21.331,,,13.237,13.768,9.781,27.3,Sc,5.9,42.22,,5.5,1.0
PGC037373,_dbar,2,5,BAR,ferrer2,,,,,,,0.094,21.049,,,13.939,14.33,9.402,27.5,Sc,5.8,62.12,27.5,6.5,0.5
PGC042868,_dbarn,3,5,BAR,ferrer2,,,,,,,0.085,22.981,,,12.723,13.249,9.92,25.4,SABd,8.0,26.93,25.4,5.5,0.5
PGC045195,_dbar,2,5,BAR,ferrer2,,,,,,,0.025,23.548,,,13.206,13.629,9.637,25.0,Sd,7.7,37.58,25.0,9.0,0.5
PGC047721,_dbarn,3,5,BAR,ferrer2,,,,,,,0.101,18.447,,,11.913,12.363,10.336,,Sbc,4.0,56.68,28.9,1.5,0.0
PGC048087,_dbarn,3,5,BAR,ferrer2,,,,,,,0.027,21.683,,,13.692,14.136,9.786,36.5,SBd,8.0,25.55,36.5,5.0,0.25
PGC048179,_dbarf,2,5,BAR,ferrer2,,,,,,,0.026,21.763,,,12.447,12.856,9.846,22.7,SBm,8.9,46.35,,6.0,0.88
PGC053093,_dbarfn,3,5,BAR,ferrer2,,,,,,,0.109,17.914,,,12.624,13.039,10.24,38.575,Sb,2.9,61.81,,1.5,1.0
PGC054944,_dbarf,2,5,BAR,ferrer2,,,,,,,0.032,17.344,,,12.637,13.02,9.974,29.367,SBab,1.8,54.46,29.4,6.0,1.0
PGC066559,_dbarf,2,5,BAR,ferrer2,,,,,,,0.072,21.949,,,14.493,14.951,9.524,,Sd,8.0,49.48,36.5,8.0,1.0
PGC067871,_dbar,2,5,BAR,ferrer2,,,,,,,0.102,21.871,,,14.57,14.811,9.273,36.0,Scd,7.0,62.0,36.0,7.0,1.0
PGC068771,_dbar,2,5,BAR,ferrer2,,,,,,,0.06,21.47,,,14.021,14.581,9.818,,Scd,6.6,39.5,37.8,8.0,1.0
PGC072252,_dbarfn,3,5,BAR,ferrer2,,,,,,,0.124,21.603,,,13.773,14.109,9.435,27.686,SBc,5.0,59.04,27.7,4.5,0.38
UGC00099,_dbar,2,5,BAR,ferrer2,,,,,,,0.067,23.116,,,14.543,14.896,9.003,23.7,Sm,8.8,0.0,,8.5,0.25
UGC00191,_dbar,2,5,BAR,ferrer2,,,,,,,0.02,23.322,,,14.194,14.577,8.818,15.9,Sm,8.6,35.86,,8.0,0.0
UGC01551,_dbarfn,3,5,BAR,ferrer2,,,,,,,0.011,22.831,,,13.201,13.616,9.939,35.6,SBc,6.1,56.78,35.6,5.5,0.75
UGC01862,_dbarf,2,5,BAR,ferrer2,,,,,,,0.003,21.097,,,13.338,13.744,9.395,20.41,SABc,6.4,49.37,20.4,5.0,0.0
UGC04306,_dbarn,3,5,BAR,ferrer2,,,,,,,0.58,17.111,,,12.547,12.893,10.1,33.583,Sa,1.3,55.78,33.6,-1.0,0.0
UGC04390,_dbar,2,5,BAR,ferrer2,,,,,,,0.059,21.69,,,13.888,14.332,9.633,33.5,Scd,6.6,34.2,33.5,7.0,1.0
UGC04393,_dbar,2,5,BAR,ferrer2,,,,,,,0.186,19.489,,,13.394,13.861,9.371,19.35,Sbc,3.5,50.59,,10.0,1.0
UGC04621,_dbarfn,3,5,BAR,ferrer2,,,,,,,0.078,19.897,,,12.913,13.355,10.233,42.7,SBa,1.0,60.85,,1.0,0.88
UGC04714,_dbar,2,5,BAR,ferrer2,,,,,,,0.095,21.022,,,13.653,14.069,9.32,,SABb,3.1,41.0,16.7,9.0,0.12
UGC04867,_dbar,2,5,BAR,ferrer2,,,,,,,0.066,20.997,,,14.499,14.905,9.455,,SABc,7.0,39.63,33.3,6.5,0.88
UGC05004,_dbar,2,5,BAR,ferrer2,,,,,,,0.049,23.242,,,15.004,15.578,9.115,,I,10.0,47.97,24.5,9.5,0.75
UGC05354,_dbar,2,5,BAR,ferrer2,,,,,,,0.05,21.702,,,14.41,14.615,8.763,,SABb,4.3,46.75,15.6,7.0,0.5
UGC05478,_dbar,2,5,BAR,ferrer2,,,,,,,0.076,23.302,,,14.533,15.021,9.096,23.4,IB,9.9,23.83,23.4,8.5,0.88
UGC05612,_dbar,2,5,BAR,ferrer2,,,,,,,0.099,22.016,,,12.93,13.343,9.506,19.1,Sd,8.0,59.23,19.1,8.5,1.0
UGC05633,_dbar,2,5,BAR,ferrer2,,,,,,,0.076,21.803,,,14.112,14.515,9.202,23.4,SBd,8.0,55.51,,7.0,1.0
UGC05676,_dbar,2,5,BAR,ferrer2,,,,,,,0.122,22.671,,,14.352,14.867,9.179,,Sd,8.0,55.69,18.9,8.5,0.62
UGC05688,_dbar,2,5,BAR,ferrer2,,,,,,,0.057,23.04,,,13.914,14.341,9.538,30.8,Sm,8.8,62.7,30.8,10.0,0.5
UGC05707,_dbar,2,5,BAR,ferrer2,,,,,,,0.062,20.515,,,14.205,14.859,9.571,30.15,Sc,5.9,32.1,30.2,7.0,1.0
UGC05934,_dbar,2,5,BAR,ferrer2,,,,,,,0.07,22.562,,,15.006,15.588,9.024,,SBd,8.0,59.78,21.5,7.0,0.75
UGC06157,_dbar,2,5,BAR,ferrer2,,,,,,,0.087,22.492,,,14.452,14.887,9.618,43.0,SABd,7.8,51.58,43.0,8.0,0.5
UGC06194,_dbar,2,5,BAR,ferrer2,,,,,,,0.074,21.098,,,14.003,14.389,9.671,,Sc,4.9,15.19,35.2,8.0,1.0
UGC06309,_dbarfn,3,5,BAR,ferrer2,,,,,,,0.062,19.359,,,12.732,13.156,10.404,48.6,SBc,4.5,48.83,48.6,5.0,1.0
UGC06628,_dbar,2,5,BAR,ferrer2,,,,,,,0.021,23.005,,,13.307,13.684,9.227,17.0,SABm,8.8,33.93,17.0,9.0,0.25
UGC06816,_dbar,2,5,BAR,ferrer2,,,,,,,0.119,23.351,,,14.559,15.054,9.038,22.0,I,9.9,32.01,22.0,9.0,0.75
UGC06903,_dbar,2,5,BAR,ferrer2,,,,,,,0.036,20.551,,,12.96,13.438,9.948,30.5,Sc,5.9,28.44,30.5,6.0,1.0
UGC06917,_dbar,2,5,BAR,ferrer2,,,,,,,0.025,21.533,,,13.025,13.474,9.484,18.867,SBm,8.8,62.19,18.9,7.0,1.0
UGC06930,_dbar,2,5,BAR,ferrer2,,,,,,,0.038,21.208,,,12.431,12.883,9.633,17.0,Scd,6.6,25.19,,7.5,1.0
UGC06983,_dbar,2,5,BAR,ferrer2,,,,,,,0.063,21.17,,,13.22,13.594,9.409,20.2,SBc,5.9,37.42,,7.0,1.0
UGC07129,_dbarfn,3,5,BAR,ferrer2,,,,,,,0.106,19.529,,,13.03,13.46,9.635,22.875,Sab,2.0,50.67,22.9,1.5,0.5
UGC07133,_dbar,2,5,BAR,ferrer2,,,,,,,0.026,22.324,,,14.579,15.016,9.457,,SABc,6.6,50.53,34.3,7.5,0.5
UGC07239,_dbar,2,5,BAR,ferrer2,,,,,,,0.051,22.535,,,13.738,14.179,9.434,24.9,IB,9.8,22.77,24.9,9.0,1.0
UGC07257,_dbar,2,5,BAR,ferrer2,,,,,,,0.178,21.781,,,14.392,14.849,8.816,16.3,SBd,8.1,60.15,16.3,10.0,0.75
UGC07700,_dbar,2,5,BAR,ferrer2,,,,,,,0.125,21.705,,,14.468,14.946,9.693,,Sd,7.9,52.08,39.6,8.5,0.75
UGC07943,_dbar,2,5,BAR,ferrer2,,,,,,,0.065,21.643,,,13.712,14.196,9.286,20.0,SBc,6.0,44.03,,6.5,0.5
UGC08041,_dbarn,3,5,BAR,ferrer2,,,,,,,0.034,22.246,,,12.623,12.954,9.43,16.3,SBcd,6.9,54.01,16.3,5.0,0.5
UGC08056,_bdbarf,3,5,BAR,ferrer2,,,,,,,0.056,22.647,,,15.092,15.472,9.239,,SBc,6.4,57.78,36.0,7.0,0.88
UGC08084,_dbar,2,5,BAR,ferrer2,,,,,,,0.118,21.357,,,14.425,14.842,9.576,41.1,SBd,8.0,39.41,41.1,9.0,1.0
UGC08597,_dbar,2,5,BAR,ferrer2,,,,,,,0.173,21.234,,,14.326,14.7,9.525,38.4,SBcd,6.6,61.26,38.4,8.0,1.0
UGC08658,_dbarn,3,5,BAR,ferrer2,,,,,,,0.037,21.461,,,13.164,13.599,10.091,40.986,Sc,5.0,53.94,41.0,4.0,0.12
UGC08733,_dbarf,2,5,BAR,ferrer2,,,,,,,0.023,21.246,,,13.894,14.286,9.592,33.475,SBc,5.9,62.2,33.5,8.0,0.75
UGC08877,_dbar,2,5,BAR,ferrer2,,,,,,,0.027,23.223,,,15.245,15.634,9.13,,Sd,8.0,28.3,31.7,8.0,0.75
UGC08909,_dbar,2,5,BAR,ferrer2,,,,,,,0.011,22.567,,,14.012,14.458,9.388,,SABc,6.9,42.3,21.7,6.5,0.25
UGC09215,_dbar,2,5,BAR,ferrer2,,,,,,,0.144,19.708,,,12.969,13.353,9.807,28.2,SBc,6.3,63.75,28.2,7.0,1.0
UGC09291,_dbarfn,3,5,BAR,ferrer2,,,,,,,0.011,21.201,,,13.252,13.638,10.082,44.025,Sc,6.4,62.85,,4.5,0.62
UGC09569,_dbar,2,5,BAR,ferrer2,,,,,,,0.086,21.226,,,14.346,14.736,9.512,,SBcd,6.6,34.95,33.2,5.0,1.0
UGC09601,_dbar,2,5,BAR,ferrer2,,,,,,,0.088,22.272,,,13.926,14.305,9.387,,SBc,5.9,39.6,24.6,7.5,0.5
UGC09661,_dbar,2,5,BAR,ferrer2,,,,,,,0.083,21.065,,,13.775,14.232,9.18,,SBd,8.0,28.46,16.6,8.0,1.0
UGC09730,_dbar,2,5,BAR,ferrer2,,,,,,,0.077,21.964,,,14.57,14.998,9.366,,Scd,6.6,43.83,28.4,5.0,1.0
UGC10290,_dbar,2,5,BAR,ferrer2,,,,,,,0.038,22.737,,,14.497,15.194,9.504,30.8,Sm,8.8,62.77,30.8,7.5,0.62
UGC10791,_dbar,2,5,BAR,ferrer2,,,,,,,0.023,22.893,,,14.371,14.869,9.148,,SABm,8.8,0.0,17.7,6.5,0.75
UGC10854,_dbarf,2,5,BAR,ferrer2,,,,,,,0.018,23.062,,,15.496,15.961,9.237,,Sc,6.0,64.12,37.5,9.0,0.5
UGC11782,_dbarf,2,5,BAR,ferrer2,,,,,,,0.026,22.651,,,14.236,14.816,9.005,17.0,SBm,8.8,61.48,17.0,9.5,1.0
UGC12151,_dbar,2,5,BAR,ferrer2,,,,,,,0.038,22.403,,,14.122,14.662,9.314,23.8,IB,9.7,51.43,23.8,7.0,1.0
UGC12681,_dbarf,2,5,BAR,ferrer2,,,,,,,0.014,23.651,,,15.074,15.374,9.043,33.15,SBbc,4.2,54.14,33.2,8.5,0.75
UGC12707,_dbarfn,3,5,BAR,ferrer2,,,,,,,0.106,21.42,,,14.223,14.57,9.611,41.4,Sbc,3.9,57.72,,5.5,0.75
UGC12709,_dbar,2,5,BAR,ferrer2,,,,,,,0.038,23.526,,,14.312,14.789,9.528,35.1,SABm,8.7,58.74,35.1,8.5,0.25
UGC12732,_dbar,2,5,BAR,ferrer2,,,,,,,0.064,23.519,,,13.854,14.189,8.703,12.4,SABm,8.7,26.57,12.4,8.0,0.5
